{"v":"5.1.1","fr":25,"ip":0,"op":67,"w":600,"h":600,"nm":"Composição 1","ddd":0,"assets":[],"layers":[{"ddd":0,"ind":1,"ty":4,"nm":"heart-box3 contornos","sr":1,"ks":{"o":{"a":0,"k":100,"ix":11},"r":{"a":0,"k":0,"ix":10},"p":{"a":1,"k":[{"i":{"x":0.833,"y":0.833},"o":{"x":0.167,"y":0.167},"n":"0p833_0p833_0p167_0p167","t":8,"s":[167,231,0],"e":[167,226,0],"to":[0,-0.83333331346512,0],"ti":[0,0.83333331346512,0]},{"t":13}],"ix":2},"a":{"a":0,"k":[287,-5,0],"ix":1},"s":{"a":1,"k":[{"i":{"x":[0.58,0.58,0.58],"y":[1,1,1]},"o":{"x":[0.001,0.001,0.001],"y":[0,0,0]},"n":["0p58_1_0p001_0","0p58_1_0p001_0","0p58_1_0p001_0"],"t":7,"s":[40,0,100],"e":[-48,-5,100]},{"i":{"x":[0.58,0.58,0.58],"y":[1,1,1]},"o":{"x":[0.001,0.001,0.001],"y":[0,0,0]},"n":["0p58_1_0p001_0","0p58_1_0p001_0","0p58_1_0p001_0"],"t":8,"s":[-48,-5,100],"e":[-48,48,100]},{"t":14}],"ix":6}},"ao":0,"shapes":[{"ty":"gr","it":[{"ind":0,"ty":"sh","ix":1,"ks":{"a":0,"k":{"i":[[5.136,10.087],[0,0],[0,0],[0,0],[-10.369,0],[0,0]],"o":[[0,0],[0,0],[0,0],[5.134,10.085],[0,0],[-10.372,0.002]],"v":[[77.445,117.268],[-50.266,-133.583],[-102.525,-133.583],[25.187,117.268],[50.264,133.58],[102.525,133.58]],"c":true},"ix":2},"nm":"Caminho 1","mn":"ADBE Vector Shape - Group","hd":false},{"ty":"fl","c":{"a":0,"k":[0.430911314721,0.222758798038,0.177382869346,1],"ix":4},"o":{"a":0,"k":100,"ix":5},"r":1,"nm":"Preenchimento 1","mn":"ADBE Vector Graphic - Fill","hd":false},{"ty":"tr","p":{"a":0,"k":[102.528,134.417],"ix":2},"a":{"a":0,"k":[0,0],"ix":1},"s":{"a":0,"k":[100,100],"ix":3},"r":{"a":0,"k":0,"ix":6},"o":{"a":0,"k":100,"ix":7},"sk":{"a":0,"k":0,"ix":4},"sa":{"a":0,"k":0,"ix":5},"nm":"Transformar"}],"nm":"Grupo 1","np":2,"cix":2,"ix":1,"mn":"ADBE Vector Group","hd":false},{"ty":"gr","it":[{"ind":0,"ty":"sh","ix":1,"ks":{"a":0,"k":{"i":[[12.282,0],[0,0],[5.134,10.084],[0,0],[0,0],[-6.942,-13.635],[0,0]],"o":[[0,0],[-10.371,0],[0,0],[0,0],[14.021,0],[0,0],[6.083,11.946]],"v":[[270.971,133.581],[-134.209,133.581],[-159.287,117.27],[-287,-133.581],[139.823,-133.581],[173.727,-111.528],[284.876,106.791]],"c":true},"ix":2},"nm":"Caminho 1","mn":"ADBE Vector Shape - Group","hd":false},{"ty":"mm","mm":4,"nm":"Mesclar caminhos 1","mn":"ADBE Vector Filter - Merge","hd":false},{"ty":"fl","c":{"a":0,"k":[0.536366780599,0.298011420755,0.231015867345,1],"ix":4},"o":{"a":0,"k":100,"ix":5},"r":1,"nm":"Preenchimento 1","mn":"ADBE Vector Graphic - Fill","hd":false},{"ty":"tr","p":{"a":0,"k":[287,134.419],"ix":2},"a":{"a":0,"k":[0,0],"ix":1},"s":{"a":0,"k":[100,100],"ix":3},"r":{"a":0,"k":0,"ix":6},"o":{"a":0,"k":100,"ix":7},"sk":{"a":0,"k":0,"ix":4},"sa":{"a":0,"k":0,"ix":5},"nm":"Transformar"}],"nm":"Grupo 2","np":3,"cix":2,"ix":2,"mn":"ADBE Vector Group","hd":false}],"ip":0,"op":135,"st":0,"bm":0},{"ddd":0,"ind":3,"ty":4,"nm":"heart-box3 contornos","sr":1,"ks":{"o":{"a":0,"k":100,"ix":11},"r":{"a":0,"k":0,"ix":10},"p":{"a":1,"k":[{"i":{"x":0.833,"y":0.833},"o":{"x":0.167,"y":0.167},"n":"0p833_0p833_0p167_0p167","t":8,"s":[441,231,0],"e":[441,226,0],"to":[0,-0.83333331346512,0],"ti":[0,0.83333331346512,0]},{"t":13}],"ix":2},"a":{"a":0,"k":[287,-5,0],"ix":1},"s":{"a":1,"k":[{"i":{"x":[0.58,0.58,0.58],"y":[1,1,1]},"o":{"x":[0.001,0.001,0.001],"y":[0,0,0]},"n":["0p58_1_0p001_0","0p58_1_0p001_0","0p58_1_0p001_0"],"t":9,"s":[48,0,100],"e":[48,-5,100]},{"i":{"x":[0.58,0.58,0.58],"y":[1,1,1]},"o":{"x":[0.001,0.001,0.001],"y":[0,0,0]},"n":["0p58_1_0p001_0","0p58_1_0p001_0","0p58_1_0p001_0"],"t":10,"s":[48,-5,100],"e":[48,48,100]},{"t":16}],"ix":6}},"ao":0,"shapes":[{"ty":"gr","it":[{"ind":0,"ty":"sh","ix":1,"ks":{"a":0,"k":{"i":[[5.136,10.087],[0,0],[0,0],[0,0],[-10.369,0],[0,0]],"o":[[0,0],[0,0],[0,0],[5.134,10.085],[0,0],[-10.372,0.002]],"v":[[77.445,117.268],[-50.266,-133.583],[-102.525,-133.583],[25.187,117.268],[50.264,133.58],[102.525,133.58]],"c":true},"ix":2},"nm":"Caminho 1","mn":"ADBE Vector Shape - Group","hd":false},{"ty":"fl","c":{"a":0,"k":[0.430911314721,0.222758798038,0.177382869346,1],"ix":4},"o":{"a":0,"k":100,"ix":5},"r":1,"nm":"Preenchimento 1","mn":"ADBE Vector Graphic - Fill","hd":false},{"ty":"tr","p":{"a":0,"k":[102.528,134.417],"ix":2},"a":{"a":0,"k":[0,0],"ix":1},"s":{"a":0,"k":[100,100],"ix":3},"r":{"a":0,"k":0,"ix":6},"o":{"a":0,"k":100,"ix":7},"sk":{"a":0,"k":0,"ix":4},"sa":{"a":0,"k":0,"ix":5},"nm":"Transformar"}],"nm":"Grupo 1","np":2,"cix":2,"ix":1,"mn":"ADBE Vector Group","hd":false},{"ty":"gr","it":[{"ind":0,"ty":"sh","ix":1,"ks":{"a":0,"k":{"i":[[12.282,0],[0,0],[5.134,10.084],[0,0],[0,0],[-6.942,-13.635],[0,0]],"o":[[0,0],[-10.371,0],[0,0],[0,0],[14.021,0],[0,0],[6.083,11.946]],"v":[[270.971,133.581],[-134.209,133.581],[-159.287,117.27],[-287,-133.581],[139.823,-133.581],[173.727,-111.528],[284.876,106.791]],"c":true},"ix":2},"nm":"Caminho 1","mn":"ADBE Vector Shape - Group","hd":false},{"ty":"mm","mm":4,"nm":"Mesclar caminhos 1","mn":"ADBE Vector Filter - Merge","hd":false},{"ty":"fl","c":{"a":0,"k":[0.536366780599,0.298011420755,0.231015867345,1],"ix":4},"o":{"a":0,"k":100,"ix":5},"r":1,"nm":"Preenchimento 1","mn":"ADBE Vector Graphic - Fill","hd":false},{"ty":"tr","p":{"a":0,"k":[287,134.419],"ix":2},"a":{"a":0,"k":[0,0],"ix":1},"s":{"a":0,"k":[100,100],"ix":3},"r":{"a":0,"k":0,"ix":6},"o":{"a":0,"k":100,"ix":7},"sk":{"a":0,"k":0,"ix":4},"sa":{"a":0,"k":0,"ix":5},"nm":"Transformar"}],"nm":"Grupo 2","np":3,"cix":2,"ix":2,"mn":"ADBE Vector Group","hd":false}],"ip":0,"op":135,"st":0,"bm":0},{"ddd":0,"ind":5,"ty":4,"nm":"heart-box1 contornos","sr":1,"ks":{"o":{"a":0,"k":100,"ix":11},"r":{"a":1,"k":[{"i":{"x":[0.52],"y":[0.988]},"o":{"x":[0.48],"y":[0.012]},"n":["0p52_0p988_0p48_0p012"],"t":0,"s":[-2.7],"e":[0]},{"i":{"x":[0.833],"y":[1]},"o":{"x":[0.167],"y":[0]},"n":["0p833_1_0p167_0"],"t":3,"s":[0],"e":[-2.4]},{"i":{"x":[0.833],"y":[1]},"o":{"x":[0.167],"y":[0]},"n":["0p833_1_0p167_0"],"t":5,"s":[-2.4],"e":[0]},{"t":8}],"ix":10},"p":{"a":1,"k":[{"i":{"x":0.52,"y":0.994},"o":{"x":0.48,"y":0.006},"n":"0p52_0p994_0p48_0p006","t":0,"s":[300,317,0],"e":[300,408,0],"to":[0,15.1666669845581,0],"ti":[0,-15.1666669845581,0]},{"t":5}],"ix":2},"a":{"a":0,"k":[287,244.5,0],"ix":1},"s":{"a":0,"k":[72.822,72.822,100],"ix":6}},"ao":0,"shapes":[{"ty":"gr","it":[{"ind":0,"ty":"sh","ix":1,"ks":{"a":0,"k":{"i":[[0,13.645],[0,0],[0,0],[0,0],[-12.19,0],[0,0]],"o":[[0,0],[0,0],[0,0],[0,13.645],[0,0],[-12.19,0]],"v":[[3.751,219.464],[3.751,-244.172],[-22.591,-244.172],[-25.824,219.464],[-3.751,244.172],[25.824,244.172]],"c":true},"ix":2},"nm":"Caminho 1","mn":"ADBE Vector Shape - Group","hd":false},{"ty":"fl","c":{"a":0,"k":[0.500732721067,0.27863703709,0.217244451186,1],"ix":4},"o":{"a":0,"k":100,"ix":5},"r":1,"nm":"Preenchimento 1","mn":"ADBE Vector Graphic - Fill","hd":false},{"ty":"tr","p":{"a":0,"k":[25.823,244.828],"ix":2},"a":{"a":0,"k":[0,0],"ix":1},"s":{"a":0,"k":[100,100],"ix":3},"r":{"a":0,"k":0,"ix":6},"o":{"a":0,"k":100,"ix":7},"sk":{"a":0,"k":0,"ix":4},"sa":{"a":0,"k":0,"ix":5},"nm":"Transformar"}],"nm":"Grupo 1","np":2,"cix":2,"ix":1,"mn":"ADBE Vector Group","hd":false},{"ty":"gr","it":[{"ind":0,"ty":"sh","ix":1,"ks":{"a":0,"k":{"i":[[0,0],[0,0],[-12.19,0],[0,0],[0,0]],"o":[[0,0],[0,13.646],[0,0],[0,0],[0,0]],"v":[[-140.637,-244.171],[-143.87,219.462],[-121.797,244.171],[143.87,244.171],[143.87,-244.171]],"c":true},"ix":2},"nm":"Caminho 1","mn":"ADBE Vector Shape - Group","hd":false},{"ty":"fl","c":{"a":0,"k":[0.607064220952,0.365449942795,0.277240079992,1],"ix":4},"o":{"a":0,"k":100,"ix":5},"r":1,"nm":"Preenchimento 1","mn":"ADBE Vector Graphic - Fill","hd":false},{"ty":"tr","p":{"a":0,"k":[143.87,244.828],"ix":2},"a":{"a":0,"k":[0,0],"ix":1},"s":{"a":0,"k":[100,100],"ix":3},"r":{"a":0,"k":0,"ix":6},"o":{"a":0,"k":100,"ix":7},"sk":{"a":0,"k":0,"ix":4},"sa":{"a":0,"k":0,"ix":5},"nm":"Transformar"}],"nm":"Grupo 2","np":2,"cix":2,"ix":2,"mn":"ADBE Vector Group","hd":false},{"ty":"gr","it":[{"ind":0,"ty":"sh","ix":1,"ks":{"a":0,"k":{"i":[[0,0],[0,0],[0,0],[0,0]],"o":[[0,0],[0,0],[0,0],[0,0]],"v":[[-13.561,-244.172],[-15.041,244.172],[14.533,244.172],[15.041,-244.172]],"c":true},"ix":2},"nm":"Caminho 1","mn":"ADBE Vector Shape - Group","hd":false},{"ty":"fl","c":{"a":0,"k":[0.500732721067,0.27863703709,0.217244451186,1],"ix":4},"o":{"a":0,"k":100,"ix":5},"r":1,"nm":"Preenchimento 1","mn":"ADBE Vector Graphic - Fill","hd":false},{"ty":"tr","p":{"a":0,"k":[301.301,244.828],"ix":2},"a":{"a":0,"k":[0,0],"ix":1},"s":{"a":0,"k":[100,100],"ix":3},"r":{"a":0,"k":0,"ix":6},"o":{"a":0,"k":100,"ix":7},"sk":{"a":0,"k":0,"ix":4},"sa":{"a":0,"k":0,"ix":5},"nm":"Transformar"}],"nm":"Grupo 3","np":2,"cix":2,"ix":3,"mn":"ADBE Vector Group","hd":false},{"ty":"gr","it":[{"ind":0,"ty":"sh","ix":1,"ks":{"a":0,"k":{"i":[[-63.161,0],[-0.108,-14.363],[0,0],[0,0],[12.19,0],[0,0],[0,0],[-3.337,0]],"o":[[14.363,0],[0,0],[0,0],[0,13.646],[0,0],[0,0],[0,-3.337],[32.884,0]],"v":[[116.677,-244.17],[142.813,-218.221],[143.87,-78.118],[143.87,219.462],[121.797,244.171],[-143.87,244.171],[-143.87,-238.129],[-137.837,-244.171]],"c":true},"ix":2},"nm":"Caminho 1","mn":"ADBE Vector Shape - Group","hd":false},{"ty":"fl","c":{"a":0,"k":[0.607064220952,0.365449942795,0.277240079992,1],"ix":4},"o":{"a":0,"k":100,"ix":5},"r":1,"nm":"Preenchimento 1","mn":"ADBE Vector Graphic - Fill","hd":false},{"ty":"tr","p":{"a":0,"k":[430.13,244.828],"ix":2},"a":{"a":0,"k":[0,0],"ix":1},"s":{"a":0,"k":[100,100],"ix":3},"r":{"a":0,"k":0,"ix":6},"o":{"a":0,"k":100,"ix":7},"sk":{"a":0,"k":0,"ix":4},"sa":{"a":0,"k":0,"ix":5},"nm":"Transformar"}],"nm":"Grupo 4","np":2,"cix":2,"ix":4,"mn":"ADBE Vector Group","hd":false}],"ip":0,"op":135,"st":0,"bm":0},{"ddd":0,"ind":7,"ty":4,"nm":"heart-box2 contornos","sr":1,"ks":{"o":{"a":0,"k":100,"ix":11},"r":{"a":0,"k":0,"ix":10},"p":{"a":1,"k":[{"i":{"x":0.34,"y":1},"o":{"x":0.66,"y":0},"n":"0p34_1_0p66_0","t":4,"s":[300,382.293,0],"e":[300,112.293,0],"to":[0,-45,0],"ti":[0,45,0]},{"t":17}],"ix":2},"a":{"a":0,"k":[281,244,0],"ix":1},"s":{"a":1,"k":[{"i":{"x":[0.74,0.74,0.74],"y":[1,1,1]},"o":{"x":[0.4,0.4,0.4],"y":[0.8,0.8,0]},"n":["0p74_1_0p4_0p8","0p74_1_0p4_0p8","0p74_1_0p4_0"],"t":2,"s":[24,24,100],"e":[34,34,100]},{"i":{"x":[0.74,0.74,0.74],"y":[1,1,1]},"o":{"x":[0.4,0.4,0.4],"y":[0,0,0]},"n":["0p74_1_0p4_0","0p74_1_0p4_0","0p74_1_0p4_0"],"t":15,"s":[34,34,100],"e":[34,34,100]},{"i":{"x":[0.74,0.74,0.74],"y":[1,1,1]},"o":{"x":[0.4,0.4,0.4],"y":[0.978,0.978,0]},"n":["0p74_1_0p4_0p978","0p74_1_0p4_0p978","0p74_1_0p4_0"],"t":21,"s":[34,34,100],"e":[28,28,100]},{"i":{"x":[0.74,0.74,0.74],"y":[1,1,1]},"o":{"x":[0.4,0.4,0.4],"y":[1.222,1.222,0]},"n":["0p74_1_0p4_1p222","0p74_1_0p4_1p222","0p74_1_0p4_0"],"t":23,"s":[28,28,100],"e":[34,34,100]},{"i":{"x":[0.74,0.74,0.74],"y":[1,1,1]},"o":{"x":[0.167,0.167,0.167],"y":[0,0,0]},"n":["0p74_1_0p167_0","0p74_1_0p167_0","0p74_1_0p167_0"],"t":28,"s":[34,34,100],"e":[34,34,100]},{"i":{"x":[0.74,0.74,0.74],"y":[1,1,1]},"o":{"x":[0.4,0.4,0.4],"y":[0.978,0.978,0]},"n":["0p74_1_0p4_0p978","0p74_1_0p4_0p978","0p74_1_0p4_0"],"t":37,"s":[34,34,100],"e":[28,28,100]},{"i":{"x":[0.74,0.74,0.74],"y":[1,1,1]},"o":{"x":[0.4,0.4,0.4],"y":[1.222,1.222,0]},"n":["0p74_1_0p4_1p222","0p74_1_0p4_1p222","0p74_1_0p4_0"],"t":39,"s":[28,28,100],"e":[34,34,100]},{"i":{"x":[0.74,0.74,0.74],"y":[1,1,1]},"o":{"x":[0.167,0.167,0.167],"y":[0,0,0]},"n":["0p74_1_0p167_0","0p74_1_0p167_0","0p74_1_0p167_0"],"t":44,"s":[34,34,100],"e":[34,34,100]},{"i":{"x":[0.74,0.74,0.74],"y":[1,1,1]},"o":{"x":[0.4,0.4,0.4],"y":[0.978,0.978,0]},"n":["0p74_1_0p4_0p978","0p74_1_0p4_0p978","0p74_1_0p4_0"],"t":54,"s":[34,34,100],"e":[28,28,100]},{"i":{"x":[0.74,0.74,0.74],"y":[1,1,1]},"o":{"x":[0.4,0.4,0.4],"y":[1.222,1.222,0]},"n":["0p74_1_0p4_1p222","0p74_1_0p4_1p222","0p74_1_0p4_0"],"t":56,"s":[28,28,100],"e":[34,34,100]},{"t":61}],"ix":6}},"ao":0,"shapes":[{"ty":"gr","it":[{"ind":0,"ty":"sh","ix":1,"ks":{"a":0,"k":{"i":[[0.153,146.637],[-26.548,26.581],[-23.849,5.848],[-0.088,-90.37],[-136.151,-64.264],[-2.197,0],[-2.044,0.969],[-11.315,6.143]],"o":[[-0.036,-37.486],[19.07,-19.096],[-89.325,-21.801],[0.163,157.164],[2.035,0.961],[2.208,0],[6.291,-2.987],[-126.746,-67.326]],"v":[[-90.234,-103.016],[-49.122,-202.369],[16.582,-239.545],[-157.321,-103.016],[117.582,242.504],[124.012,243.947],[130.472,242.491],[157.321,228.784]],"c":true},"ix":2},"nm":"Caminho 1","mn":"ADBE Vector Shape - Group","hd":false},{"ty":"mm","mm":4,"nm":"Mesclar caminhos 1","mn":"ADBE Vector Filter - Merge","hd":false},{"ty":"fl","c":{"a":0,"k":[0,0.7843137254901961,0.3254901960784314,1],"ix":4},"o":{"a":0,"k":100,"ix":5},"r":1,"nm":"Preenchimento 1","mn":"ADBE Vector Graphic - Fill","hd":false},{"ty":"tr","p":{"a":0,"k":[157.321,244.053],"ix":2},"a":{"a":0,"k":[0,0],"ix":1},"s":{"a":0,"k":[100,100],"ix":3},"r":{"a":0,"k":0,"ix":6},"o":{"a":0,"k":100,"ix":7},"sk":{"a":0,"k":0,"ix":4},"sa":{"a":0,"k":0,"ix":5},"nm":"Transformar"}],"nm":"Grupo 1","np":3,"cix":2,"ix":1,"mn":"ADBE Vector Group","hd":false},{"ty":"gr","it":[{"ind":0,"ty":"sh","ix":1,"ks":{"a":0,"k":{"i":[[77.406,0],[2.607,-3.012],[13.297,13.87],[65.808,-65.902],[-0.036,-37.485],[-136.151,-64.264],[-2.197,0],[-2.041,0.97],[0.159,156.432]],"o":[[-85.154,0.091],[-9.856,11.295],[-45.738,-80.475],[-26.548,26.584],[0.163,157.168],[2.035,0.96],[2.208,0],[137.346,-65.173],[-0.081,-77.392]],"v":[[140.479,-243.945],[17.919,-172.225],[-18.339,-172.482],[-239.888,-202.371],[-281,-103.018],[-6.097,242.502],[0.333,243.945],[6.79,242.489],[281,-103.591]],"c":true},"ix":2},"nm":"Caminho 1","mn":"ADBE Vector Shape - Group","hd":false},{"ty":"mm","mm":4,"nm":"Mesclar caminhos 1","mn":"ADBE Vector Filter - Merge","hd":false},{"ty":"fl","c":{"a":0,"k":[0,0.7843137254901961,0.3254901960784314,1],"ix":4},"o":{"a":0,"k":100,"ix":5},"r":1,"nm":"Preenchimento 1","mn":"ADBE Vector Graphic - Fill","hd":false},{"ty":"tr","p":{"a":0,"k":[281,244.052],"ix":2},"a":{"a":0,"k":[0,0],"ix":1},"s":{"a":0,"k":[100,100],"ix":3},"r":{"a":0,"k":0,"ix":6},"o":{"a":0,"k":100,"ix":7},"sk":{"a":0,"k":0,"ix":4},"sa":{"a":0,"k":0,"ix":5},"nm":"Transformar"}],"nm":"Grupo 2","np":3,"cix":2,"ix":2,"mn":"ADBE Vector Group","hd":false}],"ip":0,"op":135,"st":0,"bm":0}],"markers":[]}